mark,title,price,price_adjusted,link,addr,explain,社區,車 位,管理費,poster,養寵物,格局,坪數,樓層,型態,expired_at,id,desc,fetched
,全新面雄中優質大套房,10000,10791,https://rent.591.com.tw/rent-detail-10628772.html,高雄市三民區建國三路,,新活性大樓,無,375元/月,張先生(仲介，收取服務費),不可以,1房1廳1衛1陽台,12坪,3F/12F,電梯大樓,2021-04-13,10628772,"1.全新整理,一卡皮箱即可入住

2.禁養寵物與謝絕八大行業

3.認真學子的福地,對面就是雄中,原屋主的小孩都是雄中雄女畢業

4.附近商圈林立,生活機能超方便",2021-03-20
,一房兩廳評車便宜,10000,10416,https://rent.591.com.tw/rent-detail-10644866.html,高雄市大社區學府路225巷,含管理費,觀音山國際山莊,平面式停車位，已含租金內,--,洪小姐(仲介，收取服務費),不可以,1房2廳1衛2陽台,16坪,6F/12F,電梯大樓,2021-04-16,10644866,暫未添加說明,2021-03-20
,美麗島2分鐘.全新有隔間有大陽台.美套房,10000,10720,https://rent.591.com.tw/rent-detail-10621418.html,高雄市新興區大同一路185號,,總統套房,無,720元/月,郭小姐（屋主聲明：仲介勿擾）,不可以,1房1廳1衛1陽台,15坪,4F/12F,電梯大樓,2021-04-11,10621418,"*全新隔間-有單獨房間.大客廳及超大陽台及氣密窗(足10坪大)
* 全新裝潢大房間及客廳舒適又乾淨(有2台分離式冷氣)
*水管換新,6呎衣櫃.厠所.裝潢全新你就是第一手房客!
*走路2分鐘到捷運-美麗島(約200公尺).4分鐘到中央公園(約400公尺)
*隔壁(南華夜市) 近新興市埸.新崛江.中央公園.六合夜市.
*生活機能強.格局方正.食衣住行太方便!
*小家庭也可入住,情侶雙人好甜蜜,單人自住好寬敞!*
*一樓是大型整形美容診所,大樓漂亮,戶數少又單純!
*上班時間若未即時接到電話,稍候會回電,敬請見諒!*
*好房東歡迎好房客賞房",2021-03-20
x,高雄社會住宅✶民祥街✶便捷電梯大樓4房,10000,12030,https://rent.591.com.tw/rent-detail-10648780.html,高雄市三民區民祥街,,**,無,2030元/月,邱小姐(仲介，不須服務費),不可以,4房2廳2衛0陽台,45.28坪,20F/23F,電梯大樓,2021-04-17,10648780,"🌼【地點】位於民祥街、近澄清路、覺民路

🌼【房型】4房2廳2衛陽，電梯大樓

🌼【樓層】20/23

🌼【一般戶租金】10,000

🌼【第一類租金】8,750

🌼【第二類租金】6,250

🌼【管理費】2,030

🌼【押金】2個月

🌼【坪數】45.28

🌼【周遭環境】超優環境，生活機能極便利；鄰近錫安山土產供應中心、便利商店、烘焙坊、居家用品店、動物醫院、汽車經銷商、寵物用品店、銀行、主婦聯盟合作社、寶葉滯洪公園🌻🌴🐒🐕🐤、餐廳林立🥤🍦🍜🍰🍩🍎

🌼【傢俱家電】熱水器、天然瓦斯

🈲禁寵物、禁拜拜

❤️免收取仲介費

 

👍國家住宅及都市更新中心社會住宅包租代管計畫👍

【申請條件說明】       

🎯一般戶：租金$10,000

符合家庭年所得111萬以下，且全家人口月收入平均45,847元以下，且於高雄市無自有住宅，且設籍高雄市或於高雄市就學、就業者(需提供就學、在職證明)。

🎯第一類戶：租金$8,750

設籍高雄，且符合下列任一項資格且全家人口平均月收入低於45,847元以下。

-身心障礙者

-65歲以上之老人

-原住民、災民、遊民

-育有3名未成年(20歲以下)子女

-受家庭暴力或性侵害之受害者及其子女

-特殊境遇家庭(需取得特殊境遇家庭扶助公文)

-感染人類免疫缺乏病毒者或罹患後天免疫缺乏症候群者

-於安置教養機構或寄養家庭結束安置無法返家，未滿二十五歲

🎯第二類戶：租金$6,250

設籍高雄，且低收入戶、中低收入戶資格者。



【申請所須資料】

✅申請人之國民身分證│年滿20歲、中華民國國籍

✅全戶戶籍謄本│戶政申請，申請日前一個月內有效；戶籍謄本記事欄不可省略

✅戶籍內家庭成員財產歸屬清單

國稅局申請，申請日前一個月內有效

✅戶籍內家庭成員綜所稅清單│國稅局申請，申請日前一個月內有效；家庭成員指：申請人、申請人配偶、申請人之戶籍內直系親屬、申請人配偶之戶籍內直系親屬(含胎兒)；若申請人父母均已故，申請人戶籍內有未成年或身心障礙之兄弟姊妹需要照顧者(單身)，亦可納為家庭成員

✅其他身分別證明文件



📞看屋請電：0936-419299 邱小姐

🏠申請地址：高雄市新興區中山一路126號(捷運站-美麗島4號出口)

☎公司專線：07-2363153；聯繫時間：每日09:00~18:00



🏆寄居蟹租屋有限公司

經紀人陳勁安(106)竹市經證字第000188號",2021-03-20
,3房一廳空屋出租無設備衛浴全新,10000,11260,https://rent.591.com.tw/rent-detail-10523911.html,高雄市苓雅區苓南路,,,無,1260元/月,戴先生（代理人）,不可以,3房1廳1衛0陽台,23坪,3F/12F,公寓,2021-03-23,10523911,"3房一廳 空屋出租 無設備 衛浴全新

地點: 實踐大學高雄區城區部 正對面

設施:

管理員收發信


電梯

鄰近:
自強夜市、漢神百貨、附近公園綠地、高雄輕軌旅運中心",2021-03-20
,"近楠梓交流道,仁翔社區大樓4房含平面車位",10000,11913,https://rent.591.com.tw/rent-detail-10543948.html,高雄市楠梓區清成街,,心想室成,平面式停車位，已含租金內,1913元/月,李先生（屋主聲明：仲介勿擾）,可以,4房2廳2衛1陽台,33坪,3F/10F,電梯大樓,2021-03-26,10543948,可合租,2021-03-20
,三多總圖景觀電梯美二房~含管理費,10500,10937,https://rent.591.com.tw/rent-detail-10573736.html,高雄市苓雅區新光路,含管理費,聯宏成功大樓,無,--,值班人員(仲介，收取服務費),不可以,2房0廳1衛1陽台,11.86坪,10F/12F,電梯大樓,2021-04-02,10573736,"1.設備：電視、冰箱、床組、冷氣、電熱水器、書桌、洗衣機；2房有獨立電表

2.含管理費、不可養寵物、拜拜、設戶籍 

3.衛浴開窗，有機車位使用、垃圾集中區

4.面新光路、可看海景、光線通風超好、世貿、總圖旁，門口就有公園、輕軌站

5.全屋幾年前全部整新，屋況好 

6.近世貿、大遠百、軟體園區、總圖、飯店，上班超方便 

↜✿❀~✿❀~✿❀~✿❀~✿❀~✿❀~✿❀~✿❀~✿❀~✿❀~✿❀~✿❀~✿❀~✿❀~✿❀↝

☞買屋賣屋大小事~請找中信房屋鳳山武慶團隊 ☜

您對家的夢想是什麼？就讓我們一起來幫您達成 

我們能為您提供完整服務內容：

    ❤免費房屋行情估價
    ❤免費土地增值稅試算
    ❤買賣房屋
    ❤房屋租賃
    ❤法拍屋代標
    ❤房屋交易安全制度
    ❤房屋相關問題諮詢

面對您的疑問我們會一一給予解答，用心服務為您 ☺ 
不論什麼物件，只要您有需求，我們定當竭盡全力、不負所托。

♛ 我們有最優質的團隊為您服務，歡迎委售委租 ♛
☎歡迎來電預約幸福賞屋專線：(07)761-9988
✿ 我們將用專業的服務 實現您幸福的家",2021-03-20
,鄰近好市多、義享天地優質套房,11000,11900,https://rent.591.com.tw/rent-detail-10591992.html,高雄市左營區大順一路260號,,新倫敦大樓,無,900元/月,林先生（屋主聲明：仲介勿擾）,不可以,1房1廳1衛1陽台,13坪,8F/13F,電梯大樓,2021-04-05,10591992,"電梯大樓，位於優質社區內，24小時保全管理系統。

房間：家俱家電全，裝潢好，一卡皮箱即可入住。

周邊：附近有7-11，步行2分鐘即到好市多、3分鐘義享天地、5分鐘龍華市場，生活機能非常棒！

交通：步行10分鐘可到凹子底捷運站口....

限女性,基督徒姊妹另有優惠。",2021-03-20
,永順街整層住家出租,11000,11000,https://rent.591.com.tw/rent-detail-9446890.html,高雄市小港區永順街,,,無,--,陳爺爺（屋主）,不可以,3房2廳2衛1陽台,40坪,9F/12F,電梯大樓,2021-04-05,9446890,"寧靜優美房屋出租（尋找8月房客～）
位在小港鬧區、吃飯、買東西都很方便
生活機能佳 

歡迎女學生、老師
《目前有房客居住 可提早預先看房 正式8/1開始可入住 （可先付訂金預定》
*同學合租11000包網路",2021-03-20
,精美庭院大兩房,11000,11850,https://rent.591.com.tw/rent-detail-10619714.html,高雄市前鎮區三多三路,含網路,世紀庭院,無,850元/月,王小姐（屋主）,不可以,1房1廳1衛1陽台,24坪,3F/16F,電梯大樓,2021-04-10,10619714,生活便利出門對面忠孝閙市，走路五分鐘新光北貨公司10分捷運樓下全家生活非常便利,2021-03-20
,@(照片+內容更新中)現場實拍,11000,11000,https://rent.591.com.tw/rent-detail-10625783.html,高雄市苓雅區林森二路,含管理費,(近期看屋租金有優惠),無,--,李先生（屋主聲明：仲介勿擾）,不可以,2房2廳1衛1陽台,29坪,3F/3F,電梯大樓,2021-04-12,10625783,"PS：租金11000元(獨立進出+可不用爬樓梯)

@(近期看屋，租金有優惠)

PS：29坪，現況2房2廳1衛(可3房1廳1衛)有廚房

PS：(採光通風超級好)，(不用管理費)，附(42吋)液晶(大)電視

PS：(不吵很安靜)，也沒貓狗叫，很好睡

PS：不漏水，可曬衣，地磚沒損壞(但有些地方有些隆起)

PS：(有專用機車位)，不必煩惱機車要停哪

PS：有獨立電表(電費依台電電費單自行繳款)

PS：別人一度電收5元，但是你知道電費沒超過一定度數其實1度電才2元嗎？(光多繳的電費＋不用管理費就可省多少的房租了)

PS：請放心我不是一個(愛亂扣)押金的人絕對是你認為的好房東，押金2個月(無法1個月)，絕不亂扣押金、絕不打擾房客、無正當理由不會進屋，承租人如有換鎖需求(須自費)，鑰匙可不交給屋主，退租時(可選擇)將新鎖鑰匙留給屋主或換回原來舊的鎖

@全新的水塔(確保水質乾淨)+全新的數位恆溫熱水器(可自己設定熱水溫度)

PS：好物件(錯過了就沒有了)，看屋時間(請提早30分鐘前打電話)(請直接打電話預約，勿傳簡訊要求加LINE，謝謝)，屋主電話：0939-975-201

PS：租屋條件：禁菸(可開窗抽菸)、禁養寵物

PS：1請(準時)交租，(每月)收租到期後(一個月內若無交租)或(沒繳)水電費，屋主可(立即退租)終止租約且進屋清空房屋不負賠償責任，租金須(ㄧ次付清，不能分期)2室內牆壁(不可亂貼圖或釘鐵釘)3無法(遷入戶籍)或(營業登記)4無法申請(租金補貼或報稅)",2021-03-20
,超高Cp值景觀兩房平車（秒殺,11000,12458,https://rent.591.com.tw/rent-detail-10525862.html,高雄市大社區學府路,,觀音山國際山莊,平面式停車位，已含租金內,1000元/月,洪小姐(仲介，收取服務費),不可以,2房2廳1衛2陽台,18坪,8F/12F,電梯大樓,2021-03-23,10525862,暫未添加說明,2021-03-20
,近楠梓車站，電梯公寓三房兩廳，附簡易家具,11000,12000,https://rent.591.com.tw/rent-detail-10655314.html,高雄市楠梓區朝明路114巷,,,無,1000元/月,楊先生（代理人）,不可以,3房2廳2衛1陽台,28坪,3F/7F,公寓,2021-04-18,10655314,居家寧靜單純，採光佳，浴廁開窗。,2021-03-20
x,高雄社會住宅✶九如四路✶電梯3房,11000,11300,https://rent.591.com.tw/rent-detail-10623543.html,高雄市鼓山區九如四路,,**,無,300元/月,黃先生(仲介，不須服務費),可以,3房2廳1衛0陽台,25坪,7F/11F,電梯大樓,2021-04-11,10623543,"🌼【地點】位於九如四路、近翠華路、中華路

🌼【房型】3房2廳1衛，電梯大樓

🌼【樓層】7/11

🌼【一般戶租金】11,000

🌼【第一類租金】9,625

🌼【第二類租金】6,875

🌼【管理費】300

🌼【押金】2個月

🌼【坪數】25

🌼【周遭環境】超優環境，生活機能極便利；鄰近內惟車站、果貿公有市場、中華郵政、藥局、釣具行、國泰市場、便利商店、美術館車站、兒童美術館、前鋒社區公園、雄峰公園、內惟埤文化園區、鼓山游泳池🌻🌴🐒🐕🐤、圖書館鼓山分館、餐廳林立🥤🍦🍜🍰🍩🍎

🌼【傢俱家電】冰箱、熱水器

🔥可炊煮

🈲禁拜拜

❤️免收取仲介費

 

👍國家住宅及都市更新中心社會住宅包租代管計畫👍

【申請條件說明】       

🎯一般戶：租金$11,000

符合家庭年所得111萬以下，且全家人口月收入平均45,847元以下，且於高雄市無自有住宅，且設籍高雄市或於高雄市就學、就業者(需提供就學、在職證明)。

🎯第一類戶：租金$9,625

設籍高雄，且符合下列任一項資格且全家人口平均月收入低於45,847元以下。

-身心障礙者

-65歲以上之老人

-原住民、災民、遊民

-育有3名未成年(20歲以下)子女

-受家庭暴力或性侵害之受害者及其子女

-特殊境遇家庭(需取得特殊境遇家庭扶助公文)

-感染人類免疫缺乏病毒者或罹患後天免疫缺乏症候群者

-於安置教養機構或寄養家庭結束安置無法返家，未滿二十五歲

🎯第二類戶：租金$6,875

設籍高雄，且低收入戶、中低收入戶資格者。



【申請所須資料】

✅申請人之國民身分證│年滿20歲、中華民國國籍

✅全戶戶籍謄本│戶政申請，申請日前一個月內有效；戶籍謄本記事欄不可省略

✅戶籍內家庭成員財產歸屬清單

國稅局申請，申請日前一個月內有效

✅戶籍內家庭成員綜所稅清單│國稅局申請，申請日前一個月內有效；家庭成員指：申請人、申請人配偶、申請人之戶籍內直系親屬、申請人配偶之戶籍內直系親屬(含胎兒)；若申請人父母均已故，申請人戶籍內有未成年或身心障礙之兄弟姊妹需要照顧者(單身)，亦可納為家庭成員

✅其他身分別證明文件



📞看屋請電：0917-816769 黃先生

🏠申請地址：高雄市新興區中山一路126號(捷運站-美麗島4號出口)

☎公司專線：07-2363153；聯繫時間：每日09:00~18:00



🏆寄居蟹租屋有限公司

經紀人陳勁安(106)竹市經證字第000188號",2021-03-20
,鼎山家樂福//鼎金國小/義大大昌溫馨2房,11000,11000,https://rent.591.com.tw/rent-detail-10541146.html,高雄市三民區鼎華路,含管理費,高雄江山,無,--,蔡小姐（代理人）,不可以,2房1廳1衛1陽台,21坪,8F/11F,電梯大樓,2021-03-26,10541146,"格局方正/採光通風佳

交通便利/生活機能佳

歡迎預約看屋請與我聯絡

營業時間:9:00AM~18:00PM",2021-03-20
,A84852-小港餐旅學校三房,11000,12958,https://rent.591.com.tw/rent-detail-10594426.html,高雄市小港區鳳福路,,寶第華廈,無,1500元/月,宋小姐(仲介，收取服務費),不可以,3房2廳2衛1陽台,27.13坪,3F/7F,電梯大樓,2021-04-06,10594426,小港餐旅學校  三房,2021-03-20
,橋頭捷運雙學區~臨20米路明亮美3房,11000,11458,https://rent.591.com.tw/rent-detail-10575030.html,高雄市橋頭區樹德路,含管理費,橋頭新天地,無,--,侯小姐(仲介，收取服務費),不可以,3房2廳2衛0陽台,33.28坪,8F/8F,電梯大樓,2021-04-02,10575030,"1.屋況佳、格局方正、雙面採光明亮、通風良好、座北朝南。
2.生活機能超優、橋頭火車站、捷運站、橋頭黃昏市場、郵局、全聯大賣場、夜市。
3.雙學區、橋頭國中、橋頭國小走路就到，學區完善、家長超放心。
4.地點佳、增值空間大、先搶先贏、投資自住皆適宜。

不動產行情諮詢或買賣租賃相關問題洽

諮詢賞屋專線:侯筱筑0913387075

歡迎搜尋LINE-ID：0913387075

(志裕富不動產有限公司王麗君104高市第0112號)",2021-03-20
,亞太新紀元學生租屋,11500,12600,https://rent.591.com.tw/rent-detail-10552035.html,高雄市楠梓區楠梓新路261巷,,亞太新紀元,無,1100元/月,楊小姐（屋主）,不可以,3房2廳2衛2陽台,35坪,9F/19F,電梯大樓,2021-03-28,10552035,楠梓區公所對面大樓，近火車站、公車站、捷運站，交通便利，禁養寵物、禁抽菸,2021-03-20
,明亮乾淨三房,12000,12000,https://rent.591.com.tw/rent-detail-10645289.html,高雄市大寮區內厝路,含管理費,陽明山莊,無,--,王先生（屋主聲明：仲介勿擾）,不可以,3房2廳2衛2陽台,21.67坪,3F/11F,電梯大樓,2021-04-16,10645289,"屋況良好通風明亮

整間房子重新粉刷 主臥廁所重新翻修

附部分家俱

租金包含管理費

生活機能良好",2021-03-20
,高醫學生/實習生--合租雅舎（3-4人）,12000,12000,https://rent.591.com.tw/rent-detail-7452321.html,高雄市三民區延慶街80號,,,無,--,廖先生（屋主聲明：仲介勿擾）,不可以,4房1廳1衛2陽台,52坪,7F/7F,住宅大樓,2021-03-23,7452321,大房大窗大陽台，每房約4坪大。附冷氣、冰箱、洗衣機、書桌櫃、床墊組、衣櫃、電視機。有管理員、電梯。半年繳一次租金，租金不含管理費。需身份證、學生證簽約。需同性別合租，不可留宿異性別友人。整棟樓設有偵煙器，不可室內抽菸。不能養寵物。,2021-03-20
,高醫學生--合租雅舎（4人）,12000,12000,https://rent.591.com.tw/rent-detail-10524387.html,高雄市三民區延慶街80號,,現代生活,無,--,廖先生（屋主聲明：仲介勿擾）,不可以,4房1廳1衛2陽台,52坪,7F/7F,住宅大樓,2021-03-23,10524387,大房大窗大陽台，每房約5坪大。附冷氣、冰箱、洗衣機、書桌櫃、床墊組、衣櫃。有管理員、電梯。半年繳一次租金，租金不含管理費。需身份證、學生證簽約。需同性別合租，不可留宿異性別友人。整棟樓設有偵煙器，不可室內抽菸。不能養寵物。,2021-03-20
x,溫馨便利小家庭,12000,12000,https://rent.591.com.tw/rent-detail-10655841.html,高雄市苓雅區英義街273號,含管理費/第四台,巴堂建設,機械式停車位，已含租金內,--,錢先生（屋主聲明：仲介勿擾）,不可以,2房1廳1衛1陽台,19坪,7F/8F,電梯大樓,2021-04-19,10655841,"條件：不得養寵物及設立神位。

電梯大樓，通風良好、採光佳、鬧中取靜、安全舒適。

房間：兩房加一和室，家俱家電全，適合小家庭。

周邊：對面萊爾富、旁邊7-11，公園學校三分鐘、後面傳統市場，生活機能非常棒。

交通：有機械車位，機車位、三分鐘公車站，三分鐘可租腳踏車到捷運站七分鐘，三分鐘可搭輕軌。

租金：月繳1萬2千〈包含管理費、機械停車管理及保養費，不含水電瓦斯費〉。",2021-03-20
x,CC社會住宅◆近都會公園◆電梯3房◆,12000,13360,https://rent.591.com.tw/rent-detail-10617797.html,高雄市楠梓區德民路426巷,,**,無,1360元/月,呂小姐(仲介，不須服務費),不可以,3房2廳2衛1陽台,33.67坪,23F/23F,電梯大樓,2021-04-10,10617797,"🌼【地點】位於德民路、近德賢路、益群路

🌼【房型】3房2廳2衛1陽，電梯大樓

🌼【樓層】23/23

🌼【一般戶租金】12,000

🌼【第一類租金】10,500

🌼【第二類租金】7,500

🌼【管理費】1,360

🌼【押金】2個月

🌼【坪數】33.67

🌼【周遭環境】超優環境，生活機能極便利；鄰近便利商店、小北百貨、咖啡廳、加油站、家樂福、都會公園🌻🌴🐒🐕🐤、翠屏國民中小學、加昌國民小學📚✏📖、餐廳林立🥤🍦🍜🍰🍩🍎

🌼【傢俱家電】電視、冷氣、冰箱、熱水器、洗衣機、沙發、床、衣櫃、桌、椅

🔥可炊煮

🈲禁寵物、禁菸、禁拜拜

❤️免收取仲介費

 

 

👍高雄市政府社會住宅包租代管計畫搶手登場👍

👍本物件房客服務費由政府全額補助👍

只要符合資格即可簽約入住喔！名額有限、趕快卡位💦💦💦

👍依高雄政府社會住宅包租代管計畫專案核定👍

 

【申請條件說明】       

🎯一般戶，租金$12,000

家庭年所得111萬以下，且全家人口月收入平均45,847元以下，且於高雄市無自有住宅，且設籍高雄市或於高雄市就學、就業者(需提供就學/在職證明)

 

🎯第一類戶，租金$10,500        

設籍高雄且符合【住宅法第四條經濟弱勢條件】任一項資格且全家人口平均月收入低於45,847元以下

 

🎯第二類戶，租金$7,500

設籍高雄且符合【住宅法第四條經濟弱勢條件】任一項資格且全家人口平均月收入低於19,649元以下

 

【住宅法第四條經濟弱勢條件】

🌳特殊境遇家庭(需取得特殊境遇家庭扶助公文)

🌳於安置教養機構或寄養家庭結束安置無法返家，未滿二十五歲

🌳受家庭暴力或性侵害之受害者及其子女

🌳身心障礙者

🌳HIV+

🌳原住民、災民、遊民

🌳65歲以上之老人

🌳育有3名未成年子女

🌳低收入戶、中低收入戶

 

【申請所須資料】

✍申請人之國民身分證│年滿20歲、中華民國國籍

✍全戶戶籍謄本│戶政申請，申請日前一個月內有效；戶籍謄本記事欄不可省略

✍戶籍內家庭成員財產歸屬清單│國稅局申請，申請日前一個月內有效

✍戶籍內家庭成員綜所稅清單│國稅局申請，申請日前一個月內有效；家庭成員係指本人、配偶及直系卑親屬

✍其他身分別證明文件

 

 

☎看屋請洽：0908-997110 呂小姐 

🏠申請地址：高雄市新興區中山一路126號（捷運站-美麗島4號出口）

📞公司專線：07-236-9100；聯繫時間：每日09:00~18:00

 

 

🏆兆基管理顧問C.C house

經紀人蔡承穎(105)北市經證字第02306號",2021-03-20
x,高雄社會住宅✶北仁街✶電梯大樓2房,12000,15059,https://rent.591.com.tw/rent-detail-10613286.html,高雄市鳳山區北仁街,,**,無,3059元/月,劉先生(仲介，不須服務費),不可以,2房1廳2衛1陽台,30.66坪,3F/15F,電梯大樓,2021-04-09,10613286,"🌼【地點】位於北仁街、近北昌路、水管路

🌼【房型】2房1廳2衛1陽，電梯大樓

🌼【樓層】3/15

🌼【一般戶租金】12,000

🌼【第一類租金】10,500

🌼【第二類租金】7,500

🌼【管理費】3,059

🌼【押金】2個月

🌼【坪數】30.66

🌼【周遭環境】超優環境，生活機能極便利；鄰近停車場、居家用品店、玩具店、便利商店、早午餐墊、契作小農廚房、NO.16藝術公園🌻🌴🐒🐕🐤

🌼【傢俱家電】熱水器、瓦斯

🌤可炊煮

🈲禁寵物、禁菸、禁拜拜

❤️免收取仲介費

👍國家住宅及都市更新中心社會住宅包租代管計畫👍

【申請條件說明】       

🎯一般戶：租金$12,000

符合家庭年所得111萬以下，且全家人口月收入平均45,847元以下，且於高雄市無自有住宅，且設籍高雄市或於高雄市就學、就業者(需提供就學、在職證明)。

🎯第一類戶：租金$10,500

須設籍高雄，且符合下列任一項資格且全家人口平均月收入低於45,847元以下。

-身心障礙者

-65歲以上之老人

-原住民、災民、遊民

-育有3名未成年(20歲以下)子女

-受家庭暴力或性侵害之受害者及其子女

-特殊境遇家庭(需取得特殊境遇家庭扶助公文)

-感染人類免疫缺乏病毒者或罹患後天免疫缺乏症候群者

-於安置教養機構或寄養家庭結束安置無法返家，未滿二十五歲

🎯第二類戶：租金$7,500

須設籍高雄，且為低收入戶、中低收入戶資格。

【申請所須資料】

✅申請人之國民身分證

年滿20歲、中華民國國籍

✅全戶戶籍謄本

戶政申請，申請日前一個月內有效

戶籍謄本記事欄不可省略

✅戶籍內家庭成員財產歸屬清單

國稅局申請，申請日前一個月內有效

✅戶籍內家庭成員綜所稅清單

國稅局申請，申請日前一個月內有效

家庭成員指：申請人、申請人配偶、申請人之戶籍內直系親屬、申請人配偶之戶籍內直系親屬(含胎兒)；若申請人父母均已故，申請人戶籍內有未成年或身心障礙之兄弟姊妹需要照顧者(單身)，亦可納為家庭成員

✅其他身分別證明文件

📞看屋請電：0917-816769 黃先生

🏠申請地址：高雄市新興區中山一路126號(捷運站-美麗島4號出口)

☎公司專線：07-2363153；聯繫時間：每日09:00~18:00

🏆寄居蟹租屋有限公司

經紀人陳勁安(106)竹市經證字第000188號",2021-03-20
,高雄東帝士85大樓裝潢套房出租附家具,12000,13275,https://rent.591.com.tw/rent-detail-10644170.html,高雄市苓雅區自強三路3號,,高雄85大樓,無,1275元/月,陳先生（屋主聲明：仲介勿擾）,可以,1房1廳1衛0陽台,15坪,20F/85F,電梯大樓,2021-04-16,10644170,"高雄85大樓 飯店式管理。新裝潢套房傢俱全，一皮箱即可入住。

網路跟第四台僅需向管理室申請開通即可。

屋主自租 仲介勿擾",2021-03-20
,中崙社區安靜,12000,12000,https://rent.591.com.tw/rent-detail-10646191.html,高雄市鳳山區中崙二路574巷7號,含管理費/第四台,,無,--,王先生（屋主聲明：仲介勿擾）,不可以,3房2廳2衛2陽台,37坪,6F/7F,公寓,2021-04-17,10646191,安靜舒適,2021-03-20
,仁翔大樓便宜3房,12000,13614,https://rent.591.com.tw/rent-detail-10601648.html,高雄市楠梓區常德路317巷,,仁翔社區,無,1114元/月,曾小姐(仲介，收取服務費),可以,3房2廳2衛2陽台,26.18坪,8F/10F,電梯大樓,2021-04-07,10601648,★附家具.屋況漂亮.三面採光.★社區環境漂亮、附近有停車場可停車 .寵物可議 ★近交流道、台糖家樂福生活機能佳 ★公園:清豐公園/學區:楠梓國小/國中,2021-03-20
,市議會捷運大二房客廳~品味裝潢~設備新穎,12000,12680,https://rent.591.com.tw/rent-detail-10629880.html,高雄市前金區六合二路145號,,白宮大廈,無,680元/月,羅小姐（代理人）,不可以,2房1廳1衛0陽台,14.01坪,10F/12F,電梯大樓,2021-04-13,10629880,"近中正路市議會站、美麗島站~雙捷運交通便利，
★本屋原本是屋主自住，之前有全部整修、水路電線重新配置過~安全性高，
雅緻品味裝潢、設備有八成新。

★客廳及二房間皆用分離式冷氣，房間皆有開窗(有窗簾)、加高的和室型地板，
★客廳耐磨地板、流理台下面有RO濾水機。

樓下高雄銀行、OK便利商店、咖啡簡餐、附近各式早餐店、美食餐廳、郵局、
附近辦公大樓林立、有六合夜市、三民市場、小北商店、商務旅館。
周遭生活機能性超級佳。

歡迎預約看屋 ：敬請提前一天預約。

*本物件屋主要求：1.承租方需任職於公家機關或千大企業公司上班族。
2.不得飼養寵物。 *惟是否出租，出租方有權做最後審核權。",2021-03-20
,"諾貝爾温馨2房,全套家電家具",12000,13494,https://rent.591.com.tw/rent-detail-10523129.html,高雄市苓雅區新光路62巷,,諾貝爾,無,994元/月,李先生(仲介，收取服務費),不可以,2房1廳1衛2陽台,28.5坪,13F/35F,電梯大樓,2021-03-23,10523129,三多百貨商圈，自強夜市2房，圖書總館，捷運三多商圈站。,2021-03-20
,高鐵2房改大套房,12000,13020,https://rent.591.com.tw/rent-detail-10546843.html,高雄市左營區大中二路,,長谷富麗國,無,1020元/月,陳先生(仲介，不須服務費),不可以,1房2廳1衛0陽台,15.73坪,4F/20F,電梯大樓,2021-03-27,10546843,"aronhouse阿榮〈高鐵2房改大套房〉

1.高鐵商圈.生活機能優

2.配備齊全,輕鬆入住

3.管理費,第四台由承租方負擔

意者請洽:0922-223159 (aronhouse阿榮)",2021-03-20
,2房出租-優質文山特區-光線佳-近學區,12000,13580,https://rent.591.com.tw/rent-detail-10523892.html,高雄市鳳山區文澄街,,文澄街大樓,無,1080元/月,何小姐(仲介，收取服務費),不可以,2房2廳1衛1陽台,17.7坪,3F/13F,電梯大樓,2021-03-23,10523892,1.近正修 近長庚 近澄清湖 2.屋況佳 大2房,2021-03-20
,鳳山捷運漂亮三房,12500,14325,https://rent.591.com.tw/rent-detail-10657162.html,高雄市鳳山區華西街,,,無,1825元/月,辜先生（代理人）,不可以,3房2廳2衛2陽台,36坪,3F/8F,電梯大樓,2021-04-19,10657162,"生活機能佳、交通方便

近學校市場

新婚、小家庭最愛

全新整理歡迎看屋",2021-03-20
,萊茵情境二期,12500,12500,https://rent.591.com.tw/rent-detail-10654718.html,高雄市楠梓區壽豐路432號,含管理費,萊茵情境二期,無,--,方小姐（屋主）,不可以,3房2廳2衛1陽台,17坪,6F/7F,電梯大樓,2021-04-18,10654718,光線好房間都有對外窗，整層住家，一卡皮箱就可入住,2021-03-20
,優良客請進來,12500,12500,https://rent.591.com.tw/rent-detail-10545545.html,高雄市苓雅區新光路62巷12號,含管理費,诺貝爾,無,--,家先生（屋主）,不可以,3房2廳2衛1陽台,34坪,35F/35F,電梯大樓,2021-03-27,10545545,圖書館前面,2021-03-20
x,大遠百三多商圈，捷運站典雅2房,12500,16820,https://rent.591.com.tw/rent-detail-10512793.html,高雄市苓雅區新光路,,,機械式停車位，費用另計,1300元/月,魏小姐(仲介，收取服務費),不可以,2房1廳1衛1陽台,27坪,7F/32F,電梯大樓,2021-03-21,10512793,2房1廳1衛，家具家電齊全，採光通風好，近三多商圈，捷運站，大遠百,2021-03-20
,R8三多商圈85大樓旁~超值三房設備齊全,12500,15390,https://rent.591.com.tw/rent-detail-10655300.html,高雄市苓雅區新光路62巷22號,,諾貝爾大樓,無,2370元/月,花琪房屋(仲介，收取服務費),不可以,3房2廳2衛2陽台,22.93坪,4F/35F,電梯大樓,2021-04-18,10655300,"R8三多百貨商圈、地標85大樓旁~亮麗3房~客廳及主臥皆有大陽台。
☆明亮客廳，主臥房有陽台~漂亮採光~陽台皆有安全鐵窗。
☆格局方正~每房間皆有冷氣、窗簾、雙人床組。
*另有平面汽車位出租。B2~B5月租$1800.左右 。

*本廣告文案如有誤差，以不動產說明書或政府相關機關資訊為準。
歡迎現場看屋花琪房屋 07-5365555  
公司地址：苓雅區新光路62巷23號
諾貝爾C棟管理室旁 (近85大樓旁)
看屋時間自上午10點至晚上7點，周日店休，看屋需提前一日前預約。
屋主要求：承租方需任職於千大企業公司或公家機關上班。
*惟是否出租，出租方有權做最後審核權。

生活超便利~附近共有九家24hs超商，樓下有商店街：美髮沙龍，有澳門茶餐廳、印度料理、越南美食、火鍋店、服飾店、藥妝店、投幣洗衣店，旁邊有各式小吃街、早餐店。

※百貨賣場林立：大遠百、新光三越百貨、SoGo百貨、好市多大賣場、家樂福賣場、夢時代購物中心、MLD台鋁商城、小北百貨、自強夜市、苓雅傳統市場、*新~全聯~三多店。

本大樓緊臨亞洲新灣區中的【世貿展覽館】、及【圖書總館、二期文創會館】、水岸輕軌【C8展覽館站】，近軟科園區、中鋼企業大樓、新光碼頭公園、亞太財經辦公大樓、曼哈頓大樓~ 生活機能性超佳。",2021-03-20
,瑞隆商圈肉豆公2房（租金含管理費）,12500,13020,https://rent.591.com.tw/rent-detail-10551503.html,高雄市鳳山區善和街113號,含管理費/清潔費,長谷吉富,無,--,蔣小姐(仲介，收取服務費),不可以,2房2廳1衛1陽台,17.699坪,8F/16F,電梯大樓,2021-03-28,10551503,1.位瑞隆商圈肉豆公最熱鬧區域.商家銀行林立生活便利 2.前陽台外推.大室內.使用空間大 3.正大2房+一和室.衛浴有開窗 4.屋況保持佳.稍稍整理即可入住 5.附近大型停車場多好停車 6.下樓即可到肉豆公式場.採買極方便.婆婆媽媽的最愛 7.歡迎預約看屋8.有養寵物及拜拜的不好意思囉,2021-03-20
,南華.瑞隆商圈超便利大2房【衛浴開窗】,12500,13020,https://rent.591.com.tw/rent-detail-10552815.html,高雄市鳳山區善和街,含管理費,長谷吉富,無,--,黃瓊惠(仲介，收取服務費),不可以,2房2廳1衛1陽台,17.699坪,8F/16F,電梯大樓,2021-03-28,10552815,"1.位瑞隆商圈肉豆公最熱鬧區域.商家銀行林立生活便利.

2.前陽台外推.大室內.使用空間大

3.正大2房+一和室.衛浴有開窗

4.屋況保持佳.即可入住

5.附近大型停車場多好停車

6.下樓即可到肉豆公式場.採買極方便.婆婆媽媽的最愛",2021-03-20
,劍橋小鎮優質美寓,12500,12500,https://rent.591.com.tw/rent-detail-10610681.html,高雄市大社區萬金路92巷1號,含管理費,劍橋小鎮,平面式停車位，已含租金內,--,徐媽媽（屋主）,不可以,3房2廳2衛2陽台,30坪,4F/6F,電梯大樓,2021-04-09,10610681,安靜安全近便利商店，有包括管理費,2021-03-20
,光線良好，生活機能佳!!,12800,12800,https://rent.591.com.tw/rent-detail-10557847.html,高雄市苓雅區四維四路,,貴族小城市大樓,無,--,宋小姐（屋主聲明：仲介勿擾）,不可以,2房1廳1衛2陽台,23坪,4F/12F,電梯大樓,2021-03-29,10557847,"光線好! 
生活機能佳!!
近圖書總館!!!
近百貨商圈!!!!



1.適合學生、單身女性上班族、新婚家庭

2.不含管理費

3.不可養寵物",2021-03-20
,"美麗島站市中心2房+和室新裝潢,家具家電",12800,14400,https://rent.591.com.tw/rent-detail-10617402.html,高雄市新興區南華橫一路13號,,自由自在,無,1600元/月,胡先生（屋主）,不可以,3房1廳1衛0陽台,18坪,2F/7F,電梯大樓,2021-04-10,10617402,"3房+客廳,1間衛浴,有廚具,家具家電齊全,裝潢美,剛整理過,戶少單純,電梯刷卡管理佳,2樓僅3戶


新興區電信局旁,到六合夜市&捷運站口走路5分鐘,火車站10分鐘


曬衣服可在臥室前面窗台，左右2間前臥室都有窗台(沒有陽台)",2021-03-20
,"六合夜市捷運站2房+和室裝潢美,家具家電",12800,14400,https://rent.591.com.tw/rent-detail-10617609.html,高雄市新興區南華橫一路13號,,自由自在,無,1600元/月,胡先生（屋主）,不可以,2房1廳1衛0陽台,18坪,2F/7F,電梯大樓,2021-04-10,10617609,"2房+1和室,客廳,1間衛浴,有廚具,家具家電齊全,裝潢美,剛整理過,戶少單純,電梯刷卡管理佳,2樓僅3戶


新興區電信局旁,到六合夜市&捷運站口走路5分鐘,火車站10分鐘


曬衣服可在臥室前面窗台，左右2間前臥室都有窗台(沒有陽台)",2021-03-20
,小港1+2樓店面、辦公室優質出租,13000,14200,https://rent.591.com.tw/rent-detail-10651087.html,高雄市小港區光盛街,,社區青島新城丙區,無,1200元/月,曾太太（屋主聲明：仲介勿擾）,不可以,開放式格局,34坪,1F/10F,電梯大樓,2021-04-18,10651087,"屋況好

樓中樓設計

適合店面、美容美甲、個人工作室、辦公室、住家...等",2021-03-20
,"舒適三大房且交通便利,享有電梯及保全人員",13000,13000,https://rent.591.com.tw/rent-detail-10649657.html,高雄市楠梓區青埔街50巷,含管理費/網路/水費,溫布頓,無,--,蕭小姐（代理人）,不可以,3房1廳3衛2陽台,34坪,14F/15F,電梯大樓,2021-04-17,10649657,"溫布敦大樓 樓中樓

享有電梯及保全人員平價舒適住宿且交通便利

溫布敦大樓,騎機車5分鐘到都會公園, 騎機車5分鐘到楠梓火車站,  走路2分鐘到都會捷運站,

近都會商圈、樓中樓、全新粉刷完工、精緻陽台、大套房、採光通風良好，方正格局，騎樓可停機車、大樓前面有政府設置平停車場、安全警衛管理、可搭乘電梯、還有直達頂樓的逃生門與逃生陽台地理位置：走路2分鐘到都會公園捷運站,、騎機車5分鐘到楠梓火車站、騎機車15分鐘到楠梓加工區、鄰近高雄海洋科技大學(1.2Km）、就近的捷運都會公園捷運站只需搭公車7、公車29即可。在省道1號上且靠近省道22號、鄰近國道1號楠梓交流道口交通生活機能便利。

鄰近高雄楠梓加工區、高雄海洋科技大學、高雄第一科大、高雄應用科技大學、義守醫院、生活機能超強，鄰7-11、萊爾富超商，超級市場、屈臣氏、便當店及各類餐飲美食店20餘間。",2021-03-20
,高醫商圈家俱電全。明亮大陽台住家,13000,13000,https://rent.591.com.tw/rent-detail-10583874.html,高雄市三民區民族一路100巷,含管理費/清潔費,一房一廳一衛一陽台,無,--,胡小姐（屋主聲明：仲介勿擾）,不可以,1房1廳1衛1陽台,16坪,18F/28F,電梯大樓,2021-04-03,10583874,"電話:
0986321612,單純住家。
屋內乾淨清新，客廳32寸電視，有冷氣，主臥全新冷氣，全新洗衣機 無車聲,
24小時管理,電梯刷卡進出,一層四戶2部電
垃圾有專人處理不用等垃圾車，隨時可放置專區，
每年固定消防安全檢查,管理公司管理優良，管理員幫忙收信。
社區大樓住戶辦網路優惠多多。禁抽煙酗酒吸毒者。
@@@大樓樓下停機,亦有7-11非常便利喔",2021-03-20
,2房平面車位景觀高樓層全新未住,13000,14699,https://rent.591.com.tw/rent-detail-10530294.html,高雄市橋頭區新東一街,,巴黎行旅,平面式停車位，已含租金內,1699元/月,陳先生（屋主）,不可以,2房2廳1衛1陽台,32.56坪,15F/22F,電梯大樓,2021-03-24,10530294,"橋頭新市鎮蛋黃區

步行高雄最大的都會公園約5 分鐘

步行青埔捷運站約10分鐘

坐南朝北向180度超美景觀

全新未住2房

採光佳

通風好

高樓層安靜好環境",2021-03-20
,生活機能好。,13000,13000,https://rent.591.com.tw/rent-detail-10511854.html,高雄市三民區大豐二路379巷8號,含管理費/清潔費,,無,--,許先生（屋主聲明：仲介勿擾）,不可以,2房1廳1衛1陽台,28坪,2F/5F,電梯大樓,2021-03-21,10511854,生活機能好。,2021-03-20
,便宜三房平車（搶手,13000,13541,https://rent.591.com.tw/rent-detail-10644847.html,高雄市大社區學府路225巷,含管理費,觀音山國際山莊,平面式停車位，已含租金內,--,洪小姐(仲介，收取服務費),不可以,3房2廳2衛2陽台,21坪,10F/12F,電梯大樓,2021-04-16,10644847,暫未添加說明（搶手,2021-03-20
x,高雄社會住宅✶光遠路✶電梯大樓2房,13000,15000,https://rent.591.com.tw/rent-detail-10613302.html,高雄市鳳山區光遠路155巷,,**,無,2000元/月,陳先生(仲介，不須服務費),不可以,2房1廳1衛2陽台,24.98坪,5F/7F,電梯大樓,2021-04-09,10613302,"🌼【地點】位於光遠路、近維新路、瑞竹路

🌼【房型】2房1廳1衛2陽，電梯大樓

🌼【樓層】5/7

🌼【一般戶租金】13,000

🌼【第一類租金】10,075

🌼【第二類租金】7,215

🌼【管理費】2,000

🌼【押金】2個月

🌼【坪數】24.98

🌼【周遭環境】超優環境，生活機能極便利；鄰近捷運大東站、大東醫院、健身房、藥局、大東文化藝術中心、大東濕地公園🌻🌴🐒🐕🐤、大東國民小學📚✏📖、眾多美食小吃🥤🍦🍜🍰🍩🍎

🌼【傢俱家電】冷氣

🌤可炊煮

🈲禁寵物、禁菸、禁拜拜、禁明火

❤️免收取仲介費



👍國家住宅及都市更新中心社會住宅包租代管計畫👍

【申請條件說明】       

🎯一般戶：租金$13,000

符合家庭年所得111萬以下，且全家人口月收入平均45,847元以下，且於高雄市無自有住宅，且設籍高雄市或於高雄市就學、就業者(需提供就學、在職證明)。

🎯第一類戶：租金$10,075

須設籍高雄，且符合下列任一項資格且全家人口平均月收入低於45,847元以下。

-身心障礙者

-65歲以上之老人

-原住民、災民、遊民

-育有3名未成年(20歲以下)子女

-受家庭暴力或性侵害之受害者及其子女

-特殊境遇家庭(需取得特殊境遇家庭扶助公文)

-感染人類免疫缺乏病毒者或罹患後天免疫缺乏症候群者

-於安置教養機構或寄養家庭結束安置無法返家，未滿二十五歲

🎯第二類戶：租金$7,215

須設籍高雄，且為低收入戶、中低收入戶資格。

【申請所須資料】

✅申請人之國民身分證

年滿20歲、中華民國國籍

✅全戶戶籍謄本

戶政申請，申請日前一個月內有效

戶籍謄本記事欄不可省略

✅戶籍內家庭成員財產歸屬清單

國稅局申請，申請日前一個月內有效

✅戶籍內家庭成員綜所稅清單

國稅局申請，申請日前一個月內有效

家庭成員指：申請人、申請人配偶、申請人之戶籍內直系親屬、申請人配偶之戶籍內直系親屬(含胎兒)；若申請人父母均已故，申請人戶籍內有未成年或身心障礙之兄弟姊妹需要照顧者(單身)，亦可納為家庭成員

✅其他身分別證明文件

📞看屋請電：0908-335922 陳先生

🏠申請地址：高雄市新興區中山一路126號(捷運站-美麗島4號出口)

☎公司專線：07-2363153；聯繫時間：每日09:00~18:00

🏆寄居蟹租屋有限公司

經紀人陳勁安(106)竹市經證字第000188號",2021-03-20
x,高雄社會住宅✶楠梓路✶電梯大樓4大房,13000,13575,https://rent.591.com.tw/rent-detail-10623426.html,高雄市楠梓區楠梓路213巷,,**,無,575元/月,邱小姐(仲介，不須服務費),可以,4房2廳2衛1陽台,51.71坪,7F/7F,電梯大樓,2021-04-11,10623426,"🌼【地點】位於楠梓路、近東寧路、旗楠公路

🌼【房型】4房2廳2衛1陽，電梯大樓

🌼【樓層】7/7

🌼【一般戶租金】13,000

🌼【第一類租金】11,375

🌼【第二類租金】8,125

🌼【管理費】575

🌼【押金】2個月

🌼【坪數】51.71

🌼【周遭環境】超優環境，生活機能極便利；鄰近銀行、臺電公司、公有市場、藥局、寵物用品店、公有停車場、幼兒園、壘球場、楠梓國中、楠梓國民小學📚✏📖、眾多美食小吃🥤🍦🍜🍰🍩🍎

🌼【傢俱家電】冷氣、冰箱、熱水器、瓦斯、床、衣櫃、桌、椅

🔥可炊煮

🈲禁菸

❤️免收取仲介費



👍國家住宅及都市更新中心社會住宅包租代管計畫👍

【申請條件說明】       

🎯一般戶：租金$13,000

符合家庭年所得111萬以下，且全家人口月收入平均45,847元以下，且於高雄市無自有住宅，且設籍高雄市或於高雄市就學、就業者(需提供就學、在職證明)。

🎯第一類戶：租金$11,375

設籍高雄，且符合下列任一項資格且全家人口平均月收入低於45,847元以下。

-身心障礙者

-65歲以上之老人

-原住民、災民、遊民

-育有3名未成年(20歲以下)子女

-受家庭暴力或性侵害之受害者及其子女

-特殊境遇家庭(需取得特殊境遇家庭扶助公文)

-感染人類免疫缺乏病毒者或罹患後天免疫缺乏症候群者

-於安置教養機構或寄養家庭結束安置無法返家，未滿二十五歲

🎯第二類戶：租金$8,125

設籍高",2021-03-20
,澄清湖兩房一廳,13000,13000,https://rent.591.com.tw/rent-detail-10653090.html,高雄市仁武區大昌街,含管理費,澄清湖亞洲渡假村,無,--,饒小姐（屋主）,不可以,2房1廳1衛2陽台,22.8坪,3F/5F,電梯大樓,2021-04-18,10653090,"室內17坪
屋況好，採光佳，社區游泳池，近學區，生活機能好，家俱全，重新裝潢，一",2021-03-20
,88快速道路2+1房,13000,13541,https://rent.591.com.tw/rent-detail-10648273.html,高雄市鳳山區過埤路,含管理費,鳳山翰林,無,--,陳先生(仲介，收取服務費),可以,3房2廳1衛1陽台,16.44坪,7F/14F,電梯大樓,2021-04-17,10648273,"中高樓層採光佳，通風環境良好。

進超市，市場採買方便。",2021-03-20
,"溫馨式家庭式學生宿舍,附有機車停車位",13000,13000,https://rent.591.com.tw/rent-detail-10646577.html,高雄市楠梓區清平街51巷31號,含管理費/網路,仁翔社區,平面式停車位，已含租金內,--,黃先生（屋主聲明：仲介勿擾）,可以,4房1廳2衛1陽台,34坪,7F/7F,電梯大樓,2021-04-17,10646577,"溫馨式家庭式學生宿舍,附有機車停車位,樓下有全家,萊爾富，斜對面有7-11，鄰近公園，距離家樂福不到1公里，生活機能方便。line   id   socchas",2021-03-20
,建國新城高樓層景觀採光三房,13000,13541,https://rent.591.com.tw/rent-detail-10432137.html,高雄市鳳山區建國路二段,含管理費,建國新城,無,--,徐先生(仲介，收取服務費),不可以,3房2廳2衛2陽台,45.21坪,11F/12F,電梯大樓,2021-04-01,10432137,"近文山、赤山各行業林立
生活機能佳
附近就是傳統菜市場 採買方便
近鳳山火車站 交通便利
車位可租
低管理費，格局方正
主臥衛浴開窗

禁拜拜 養竉物",2021-03-20
,海科大高雄大學第1科技電梯4房附傢俱家電,13000,14109,https://rent.591.com.tw/rent-detail-10624847.html,高雄市楠梓區德賢路267巷12號,,美麗國城,無,1109元/月,李先生（屋主聲明：仲介勿擾）,可以,4房1廳2衛2陽台,32坪,12F/19F,電梯大樓,2021-04-11,10624847,"1.臨近海科大...高雄大學...第1科技

2.臨近德賢商圈...生活機能佳

3.電梯4房附傢俱家電....限學生合租

4.現有住學生...看屋需提前一天約看屋

5.聯絡時間早上11.00...晚上22.00",2021-03-20
,德賢鬧區三房兩廳限學生,13000,14248,https://rent.591.com.tw/rent-detail-10593213.html,高雄市楠梓區德賢路248巷,,開喜人生,平面式停車位，已含租金內,1248元/月,許小姐（屋主聲明：仲介勿擾）,不可以,3房2廳2衛2陽台,32坪,7F/12F,電梯大樓,2021-04-05,10593213,"德賢鬧區   生活機能佳

樓下就是美食街  有50嵐、屈臣氏...等連鎖店",2021-03-20
,湖內東方大學、路科大空間4房電寓,13000,13541,https://rent.591.com.tw/rent-detail-10587518.html,高雄市湖內區中山路一段301巷,,東方富貴,無,--,蘇小姐(仲介，收取服務費),不可以,4房2廳2衛2陽台,26.499坪,4F/10F,電梯大樓,2021-04-04,10587518,"近東方設計大學及嘉南藥理大學，同學一起同租和樂融融。

近南科路竹園區，同事一起上下班好便利。

周邊生活機能佳，近大湖夜市，不愁餓肚子。

近台1線、路竹區、湖內區、鄰近大湖火車站。",2021-03-20
,中鋼晶棧.美2房.傢俱家電全.有陽台,13000,14541,https://rent.591.com.tw/rent-detail-10543911.html,高雄市小港區中鋼路,,中鋼晶棧,無,1000元/月,梁小姐(仲介，收取服務費),不可以,2房1廳1衛1陽台,13.85坪,5F/13F,電梯大樓,2021-03-26,10543911,"1:5年新屋..家具家電俱全..24小時刷卡進出

2:衛浴開窗..有陽台..面公園..住家寧靜.鄰近捷運站

3:低管理費歡.戶數少.住戶單純

房客月底搬遷，3月底可看屋

歡迎來電看屋..0973-958-117阿珠",2021-03-20
,近文山特區.陽明學區.傢電齊全.2陽臺,13500,15140,https://rent.591.com.tw/rent-detail-10636117.html,高雄市三民區義和路,,斐思迪雅大樓,無,1640元/月,陳小姐（屋主聲明：仲介勿擾）,不可以,2房1廳1衛2陽台,23坪,7F/9F,電梯大樓,2021-04-15,10636117,"可使用自備電磁爐煮簡易餐點

傢電 、設備齊全、鬧中取靜 、生活機能超級佳☺高cp值

設有管理員收信件包裹 皆方便 

有2部電梯、 進出超方便省時

1.附近有陶板屋、家樂福、麥當勞、星巴克、卡啡那咖啡館、a little more多一點咖啡館、Good parner好夥伴、To be smoothie、木盆Woopen沙拉、mos burger多那之、路易莎咖啡館、健身工廠、World gym、全聯、方師傅麵包坊、生力美食、寶雅、J-mart、寒軒陽明大飯店、50嵐、麻古茶坊、早安山丘、丹丹漢堡、 7-11、全家超商、 陽明早市……

2、近彰銀、台新、中國信託、玉山、高雄銀行、郵局

3、 7 分鐘到達 澄清湖 、 正修科技大學、 長庚醫院

適合新婚夫妻 愛的小窩",2021-03-20
,美術館簡約2+1房附家具電器車位好租,13500,15482,https://rent.591.com.tw/rent-detail-10612622.html,高雄市鼓山區美術北一街,,,無,1420元/月,林小姐(仲介，收取服務費),不可以,2房2廳1衛1陽台,26坪,15F/15F,電梯大樓,2021-04-09,10612622,"近美術館綠園道，
優質社區，住戶單純，
簡約二房附大餐廳，可當書房
限正職，家庭，上班族合租可，
大樓對面有露天停車場可租。
Line ID:teresa725",2021-03-20
